[{"model": "admin.logentry", "pk": 1, "fields": {"action_time": "2023-07-13T20:51:23.965Z", "user": 1, "content_type": 4, "object_id": "6", "object_repr": "aa", "action_flag": 3, "change_message": ""}}, {"model": "admin.logentry", "pk": 2, "fields": {"action_time": "2023-07-13T20:51:23.971Z", "user": 1, "content_type": 4, "object_id": "4", "object_repr": "qwerty", "action_flag": 3, "change_message": ""}}, {"model": "admin.logentry", "pk": 3, "fields": {"action_time": "2023-07-13T20:51:44.740Z", "user": 1, "content_type": 4, "object_id": "8", "object_repr": "leomessi", "action_flag": 1, "change_message": "[{\"added\": {}}]"}}, {"model": "admin.logentry", "pk": 4, "fields": {"action_time": "2023-07-13T20:53:23.443Z", "user": 1, "content_type": 4, "object_id": "8", "object_repr": "leomessi", "action_flag": 2, "change_message": "[{\"changed\": {\"fields\": [\"First name\", \"Last name\", \"Email address\"]}}]"}}, {"model": "admin.logentry", "pk": 5, "fields": {"action_time": "2023-07-14T10:14:48.283Z", "user": 1, "content_type": 8, "object_id": "1", "object_repr": "Profile object (1)", "action_flag": 2, "change_message": "[{\"changed\": {\"fields\": [\"Profile picture\", \"Date of birth\"]}}]"}}, {"model": "admin.logentry", "pk": 6, "fields": {"action_time": "2023-07-14T10:15:18.283Z", "user": 1, "content_type": 4, "object_id": "1", "object_repr": "uzair.imtiaz", "action_flag": 2, "change_message": "[{\"changed\": {\"fields\": [\"First name\", \"Last name\", \"Email address\"]}}]"}}, {"model": "admin.logentry", "pk": 7, "fields": {"action_time": "2023-07-14T10:16:33.061Z", "user": 1, "content_type": 8, "object_id": "1", "object_repr": "Profile object (1)", "action_flag": 2, "change_message": "[{\"changed\": {\"fields\": [\"Bio\"]}}]"}}, {"model": "admin.logentry", "pk": 8, "fields": {"action_time": "2023-07-14T13:06:48.473Z", "user": 1, "content_type": 8, "object_id": "1", "object_repr": "Profile object (1)", "action_flag": 2, "change_message": "[{\"changed\": {\"fields\": [\"Short intro\"]}}]"}}, {"model": "admin.logentry", "pk": 9, "fields": {"action_time": "2023-07-14T13:18:29.704Z", "user": 1, "content_type": 4, "object_id": "3", "object_repr": "amjad_1", "action_flag": 3, "change_message": ""}}, {"model": "admin.logentry", "pk": 10, "fields": {"action_time": "2023-07-14T13:18:35.169Z", "user": 1, "content_type": 4, "object_id": "7", "object_repr": "cr7", "action_flag": 3, "change_message": ""}}, {"model": "admin.logentry", "pk": 11, "fields": {"action_time": "2023-07-14T13:18:39.960Z", "user": 1, "content_type": 4, "object_id": "8", "object_repr": "leomessi", "action_flag": 3, "change_message": ""}}, {"model": "admin.logentry", "pk": 12, "fields": {"action_time": "2023-07-14T13:18:44.393Z", "user": 1, "content_type": 4, "object_id": "5", "object_repr": "majid123", "action_flag": 3, "change_message": ""}}, {"model": "admin.logentry", "pk": 13, "fields": {"action_time": "2023-07-14T13:18:48.740Z", "user": 1, "content_type": 4, "object_id": "2", "object_repr": "testuser", "action_flag": 3, "change_message": ""}}, {"model": "admin.logentry", "pk": 14, "fields": {"action_time": "2023-07-14T13:28:46.599Z", "user": 1, "content_type": 8, "object_id": "2", "object_repr": "Profile object (2)", "action_flag": 1, "change_message": "[{\"added\": {}}]"}}, {"model": "admin.logentry", "pk": 15, "fields": {"action_time": "2023-07-14T13:58:58.367Z", "user": 1, "content_type": 8, "object_id": "3", "object_repr": "Profile object (3)", "action_flag": 2, "change_message": "[{\"changed\": {\"fields\": [\"Profile picture\"]}}]"}}, {"model": "admin.logentry", "pk": 16, "fields": {"action_time": "2023-07-14T13:59:19.419Z", "user": 1, "content_type": 8, "object_id": "2", "object_repr": "Profile object (2)", "action_flag": 2, "change_message": "[{\"changed\": {\"fields\": [\"Profile picture\"]}}]"}}, {"model": "admin.logentry", "pk": 17, "fields": {"action_time": "2023-07-14T13:59:37.907Z", "user": 1, "content_type": 8, "object_id": "1", "object_repr": "Profile object (1)", "action_flag": 2, "change_message": "[{\"changed\": {\"fields\": [\"Profile picture\"]}}]"}}, {"model": "admin.logentry", "pk": 18, "fields": {"action_time": "2023-07-14T14:10:42.246Z", "user": 1, "content_type": 8, "object_id": "3", "object_repr": "Profile object (3)", "action_flag": 2, "change_message": "[{\"changed\": {\"fields\": [\"Profile picture\"]}}]"}}, {"model": "admin.logentry", "pk": 19, "fields": {"action_time": "2023-07-22T06:41:10.699Z", "user": 1, "content_type": 7, "object_id": "1", "object_repr": "python", "action_flag": 1, "change_message": "[{\"added\": {}}]"}}, {"model": "admin.logentry", "pk": 20, "fields": {"action_time": "2023-07-22T07:58:51.790Z", "user": 1, "content_type": 8, "object_id": "3", "object_repr": "Profile object (3)", "action_flag": 2, "change_message": "[{\"changed\": {\"fields\": [\"Short intro\"]}}]"}}, {"model": "admin.logentry", "pk": 21, "fields": {"action_time": "2023-07-22T07:58:58.866Z", "user": 1, "content_type": 8, "object_id": "2", "object_repr": "Profile object (2)", "action_flag": 2, "change_message": "[{\"changed\": {\"fields\": [\"Short intro\"]}}]"}}, {"model": "admin.logentry", "pk": 22, "fields": {"action_time": "2023-07-22T07:59:04.777Z", "user": 1, "content_type": 8, "object_id": "1", "object_repr": "Profile object (1)", "action_flag": 2, "change_message": "[{\"changed\": {\"fields\": [\"Short intro\"]}}]"}}, {"model": "admin.logentry", "pk": 23, "fields": {"action_time": "2023-07-23T18:50:15.614Z", "user": 1, "content_type": 4, "object_id": "11", "object_repr": "adakbar", "action_flag": 3, "change_message": ""}}, {"model": "admin.logentry", "pk": 24, "fields": {"action_time": "2023-07-23T18:55:37.084Z", "user": 1, "content_type": 8, "object_id": "5", "object_repr": "Profile object (5)", "action_flag": 2, "change_message": "[{\"changed\": {\"fields\": [\"Profile picture\"]}}]"}}, {"model": "admin.logentry", "pk": 25, "fields": {"action_time": "2023-07-23T18:58:35.875Z", "user": 1, "content_type": 8, "object_id": "4", "object_repr": "Profile object (4)", "action_flag": 3, "change_message": ""}}, {"model": "admin.logentry", "pk": 26, "fields": {"action_time": "2023-07-24T16:47:28.570Z", "user": 1, "content_type": 10, "object_id": "1", "object_repr": "Edx", "action_flag": 3, "change_message": ""}}, {"model": "admin.logentry", "pk": 27, "fields": {"action_time": "2023-07-24T16:49:03.260Z", "user": 1, "content_type": 10, "object_id": "2", "object_repr": "Edx", "action_flag": 2, "change_message": "[{\"changed\": {\"fields\": [\"Featured image\"]}}]"}}, {"model": "admin.logentry", "pk": 28, "fields": {"action_time": "2023-07-24T16:49:23.914Z", "user": 1, "content_type": 10, "object_id": "2", "object_repr": "Edx", "action_flag": 3, "change_message": ""}}, {"model": "admin.logentry", "pk": 29, "fields": {"action_time": "2023-07-24T16:54:20.613Z", "user": 1, "content_type": 10, "object_id": "1", "object_repr": "Edx", "action_flag": 3, "change_message": ""}}, {"model": "admin.logentry", "pk": 30, "fields": {"action_time": "2023-07-24T16:58:05.589Z", "user": 1, "content_type": 4, "object_id": "13", "object_repr": "shahryar_", "action_flag": 3, "change_message": ""}}, {"model": "admin.logentry", "pk": 31, "fields": {"action_time": "2023-07-25T06:59:09.617Z", "user": 1, "content_type": 10, "object_id": "2", "object_repr": "Edx", "action_flag": 2, "change_message": "[{\"changed\": {\"fields\": [\"Featured image\"]}}]"}}, {"model": "admin.logentry", "pk": 32, "fields": {"action_time": "2023-07-25T07:05:38.509Z", "user": 1, "content_type": 10, "object_id": "3", "object_repr": "Code Book", "action_flag": 2, "change_message": "[{\"changed\": {\"fields\": [\"Featured image\"]}}]"}}, {"model": "admin.logentry", "pk": 33, "fields": {"action_time": "2023-07-25T07:05:58.401Z", "user": 1, "content_type": 10, "object_id": "4", "object_repr": "Los Blancos", "action_flag": 2, "change_message": "[{\"changed\": {\"fields\": [\"Featured image\"]}}]"}}, {"model": "admin.logentry", "pk": 34, "fields": {"action_time": "2023-07-25T09:16:34.054Z", "user": 1, "content_type": 7, "object_id": "1", "object_repr": "Skill object (1)", "action_flag": 3, "change_message": ""}}, {"model": "admin.logentry", "pk": 35, "fields": {"action_time": "2023-07-26T10:18:31.406Z", "user": 1, "content_type": 8, "object_id": "1", "object_repr": "uzair.imtiaz", "action_flag": 2, "change_message": "[{\"changed\": {\"fields\": [\"Skills\"]}}]"}}, {"model": "admin.logentry", "pk": 36, "fields": {"action_time": "2023-07-26T12:24:33.109Z", "user": 1, "content_type": 8, "object_id": "1", "object_repr": "Uzair Imtiaz", "action_flag": 2, "change_message": "[{\"changed\": {\"fields\": [\"Skills\"]}}]"}}, {"model": "admin.logentry", "pk": 37, "fields": {"action_time": "2023-07-27T10:09:50.872Z", "user": 1, "content_type": 10, "object_id": "4", "object_repr": "Los Blancos", "action_flag": 2, "change_message": "[{\"changed\": {\"fields\": [\"Skills\"]}}]"}}, {"model": "admin.logentry", "pk": 38, "fields": {"action_time": "2023-07-27T10:33:26.204Z", "user": 1, "content_type": 7, "object_id": "7", "object_repr": "React", "action_flag": 1, "change_message": "[{\"added\": {}}]"}}, {"model": "admin.logentry", "pk": 39, "fields": {"action_time": "2023-07-27T10:33:50.864Z", "user": 1, "content_type": 7, "object_id": "8", "object_repr": "Node", "action_flag": 1, "change_message": "[{\"added\": {}}]"}}, {"model": "admin.logentry", "pk": 40, "fields": {"action_time": "2023-07-27T10:34:01.713Z", "user": 1, "content_type": 7, "object_id": "9", "object_repr": "Html", "action_flag": 1, "change_message": "[{\"added\": {}}]"}}, {"model": "admin.logentry", "pk": 41, "fields": {"action_time": "2023-07-27T10:34:06.014Z", "user": 1, "content_type": 7, "object_id": "10", "object_repr": "CSS", "action_flag": 1, "change_message": "[{\"added\": {}}]"}}, {"model": "admin.logentry", "pk": 42, "fields": {"action_time": "2023-07-27T10:34:21.711Z", "user": 1, "content_type": 7, "object_id": "11", "object_repr": "Flask", "action_flag": 1, "change_message": "[{\"added\": {}}]"}}, {"model": "admin.logentry", "pk": 43, "fields": {"action_time": "2023-07-27T10:34:37.900Z", "user": 1, "content_type": 7, "object_id": "12", "object_repr": "Express", "action_flag": 1, "change_message": "[{\"added\": {}}]"}}, {"model": "admin.logentry", "pk": 44, "fields": {"action_time": "2023-07-27T10:34:51.688Z", "user": 1, "content_type": 10, "object_id": "4", "object_repr": "Los Blancos", "action_flag": 2, "change_message": "[{\"changed\": {\"fields\": [\"Skills\"]}}]"}}, {"model": "admin.logentry", "pk": 45, "fields": {"action_time": "2023-07-27T10:37:52.989Z", "user": 1, "content_type": 8, "object_id": "2", "object_repr": "Christiano Ronaldo", "action_flag": 2, "change_message": "[{\"changed\": {\"fields\": [\"Skills\"]}}]"}}, {"model": "admin.logentry", "pk": 46, "fields": {"action_time": "2023-07-27T10:38:11.067Z", "user": 1, "content_type": 7, "object_id": "6", "object_repr": "JS", "action_flag": 2, "change_message": "[{\"changed\": {\"fields\": [\"Name\"]}}]"}}, {"model": "admin.logentry", "pk": 47, "fields": {"action_time": "2023-07-27T11:12:11.346Z", "user": 1, "content_type": 10, "object_id": "5", "object_repr": "HarborView", "action_flag": 1, "change_message": "[{\"added\": {}}]"}}, {"model": "admin.logentry", "pk": 48, "fields": {"action_time": "2023-07-27T11:51:11.640Z", "user": 1, "content_type": 4, "object_id": "15", "object_repr": "rfederer", "action_flag": 3, "change_message": ""}}, {"model": "admin.logentry", "pk": 49, "fields": {"action_time": "2023-07-27T12:00:25.870Z", "user": 1, "content_type": 10, "object_id": "7", "object_repr": "CodeIn'", "action_flag": 3, "change_message": ""}}, {"model": "admin.logentry", "pk": 50, "fields": {"action_time": "2023-07-27T13:34:08.410Z", "user": 1, "content_type": 10, "object_id": "3", "object_repr": "Code Book", "action_flag": 2, "change_message": "[{\"changed\": {\"fields\": [\"Skills\"]}}]"}}, {"model": "admin.logentry", "pk": 51, "fields": {"action_time": "2023-07-27T17:16:19.779Z", "user": 1, "content_type": 11, "object_id": "1", "object_repr": "Review object (1)", "action_flag": 1, "change_message": "[{\"added\": {}}]"}}, {"model": "admin.logentry", "pk": 52, "fields": {"action_time": "2023-07-27T17:26:57.798Z", "user": 1, "content_type": 11, "object_id": "2", "object_repr": "Review object (2)", "action_flag": 1, "change_message": "[{\"added\": {}}]"}}, {"model": "admin.logentry", "pk": 53, "fields": {"action_time": "2023-07-27T18:13:47.802Z", "user": 1, "content_type": 11, "object_id": "5", "object_repr": "Review object (5)", "action_flag": 3, "change_message": ""}}, {"model": "admin.logentry", "pk": 54, "fields": {"action_time": "2023-07-27T18:21:53.563Z", "user": 1, "content_type": 11, "object_id": "8", "object_repr": "Review object (8)", "action_flag": 3, "change_message": ""}}, {"model": "admin.logentry", "pk": 55, "fields": {"action_time": "2023-07-27T18:21:53.565Z", "user": 1, "content_type": 11, "object_id": "7", "object_repr": "Review object (7)", "action_flag": 3, "change_message": ""}}, {"model": "admin.logentry", "pk": 56, "fields": {"action_time": "2023-07-27T18:21:53.567Z", "user": 1, "content_type": 11, "object_id": "6", "object_repr": "Review object (6)", "action_flag": 3, "change_message": ""}}, {"model": "admin.logentry", "pk": 57, "fields": {"action_time": "2023-07-27T18:22:17.292Z", "user": 1, "content_type": 11, "object_id": "4", "object_repr": "Review object (4)", "action_flag": 3, "change_message": ""}}, {"model": "admin.logentry", "pk": 58, "fields": {"action_time": "2023-07-27T18:22:28.272Z", "user": 1, "content_type": 11, "object_id": "3", "object_repr": "Review object (3)", "action_flag": 3, "change_message": ""}}, {"model": "admin.logentry", "pk": 59, "fields": {"action_time": "2023-07-27T19:06:41.879Z", "user": 1, "content_type": 11, "object_id": "9", "object_repr": "", "action_flag": 3, "change_message": ""}}, {"model": "admin.logentry", "pk": 60, "fields": {"action_time": "2023-07-27T19:06:41.887Z", "user": 1, "content_type": 11, "object_id": "2", "object_repr": "", "action_flag": 3, "change_message": ""}}, {"model": "admin.logentry", "pk": 61, "fields": {"action_time": "2023-07-27T19:06:41.889Z", "user": 1, "content_type": 11, "object_id": "1", "object_repr": "", "action_flag": 3, "change_message": ""}}, {"model": "admin.logentry", "pk": 62, "fields": {"action_time": "2023-08-01T07:28:46.634Z", "user": 1, "content_type": 10, "object_id": "3", "object_repr": "Code Book", "action_flag": 2, "change_message": "[{\"changed\": {\"fields\": [\"Title\", \"Description\", \"Youtube link\", \"Demo link\", \"Source code link\", \"Skills\"]}}]"}}, {"model": "admin.logentry", "pk": 63, "fields": {"action_time": "2023-08-01T08:29:59.511Z", "user": 1, "content_type": 10, "object_id": "8", "object_repr": "Dummy pj", "action_flag": 3, "change_message": ""}}, {"model": "admin.logentry", "pk": 64, "fields": {"action_time": "2023-08-01T08:30:29.320Z", "user": 1, "content_type": 10, "object_id": "9", "object_repr": "Dummy pj", "action_flag": 2, "change_message": "[{\"changed\": {\"fields\": [\"Skills\"]}}]"}}, {"model": "admin.logentry", "pk": 65, "fields": {"action_time": "2023-08-02T19:01:23.251Z", "user": 1, "content_type": 4, "object_id": "17", "object_repr": "wisha", "action_flag": 3, "change_message": ""}}, {"model": "admin.logentry", "pk": 66, "fields": {"action_time": "2023-08-02T19:01:23.255Z", "user": 1, "content_type": 4, "object_id": "16", "object_repr": "wwww", "action_flag": 3, "change_message": ""}}, {"model": "admin.logentry", "pk": 67, "fields": {"action_time": "2023-08-02T19:04:43.727Z", "user": 1, "content_type": 4, "object_id": "18", "object_repr": "wisha", "action_flag": 3, "change_message": ""}}, {"model": "admin.logentry", "pk": 68, "fields": {"action_time": "2023-08-02T19:06:15.215Z", "user": 1, "content_type": 4, "object_id": "19", "object_repr": "wisha", "action_flag": 3, "change_message": ""}}, {"model": "admin.logentry", "pk": 69, "fields": {"action_time": "2023-08-03T09:51:31.331Z", "user": 1, "content_type": 4, "object_id": "22", "object_repr": "bilal", "action_flag": 3, "change_message": ""}}, {"model": "admin.logentry", "pk": 70, "fields": {"action_time": "2023-08-03T12:13:23.408Z", "user": 1, "content_type": 8, "object_id": "3", "object_repr": "Leonel Messi", "action_flag": 2, "change_message": "[{\"changed\": {\"fields\": [\"Github\", \"Linkedin\", \"Youtube\"]}}]"}}, {"model": "admin.logentry", "pk": 71, "fields": {"action_time": "2023-08-03T12:15:07.795Z", "user": 1, "content_type": 8, "object_id": "3", "object_repr": "Leonel Messi", "action_flag": 2, "change_message": "[{\"changed\": {\"fields\": [\"Github\", \"Linkedin\", \"Youtube\"]}}]"}}, {"model": "admin.logentry", "pk": 72, "fields": {"action_time": "2023-08-03T12:15:19.089Z", "user": 1, "content_type": 8, "object_id": "2", "object_repr": "Christiano Ronaldo", "action_flag": 2, "change_message": "[{\"changed\": {\"fields\": [\"Github\", \"Linkedin\", \"Youtube\"]}}]"}}, {"model": "admin.logentry", "pk": 73, "fields": {"action_time": "2023-08-03T12:16:05.450Z", "user": 1, "content_type": 8, "object_id": "1", "object_repr": "Uzair Imtiaz", "action_flag": 2, "change_message": "[{\"changed\": {\"fields\": [\"Github\", \"Linkedin\", \"Youtube\"]}}]"}}, {"model": "admin.logentry", "pk": 74, "fields": {"action_time": "2023-08-03T12:17:49.214Z", "user": 1, "content_type": 8, "object_id": "2", "object_repr": "Christiano Ronaldo", "action_flag": 2, "change_message": "[{\"changed\": {\"fields\": [\"Github\", \"Linkedin\", \"Youtube\"]}}]"}}, {"model": "auth.permission", "pk": 1, "fields": {"name": "Can add log entry", "content_type": 1, "codename": "add_logentry"}}, {"model": "auth.permission", "pk": 2, "fields": {"name": "Can change log entry", "content_type": 1, "codename": "change_logentry"}}, {"model": "auth.permission", "pk": 3, "fields": {"name": "Can delete log entry", "content_type": 1, "codename": "delete_logentry"}}, {"model": "auth.permission", "pk": 4, "fields": {"name": "Can view log entry", "content_type": 1, "codename": "view_logentry"}}, {"model": "auth.permission", "pk": 5, "fields": {"name": "Can add permission", "content_type": 2, "codename": "add_permission"}}, {"model": "auth.permission", "pk": 6, "fields": {"name": "Can change permission", "content_type": 2, "codename": "change_permission"}}, {"model": "auth.permission", "pk": 7, "fields": {"name": "Can delete permission", "content_type": 2, "codename": "delete_permission"}}, {"model": "auth.permission", "pk": 8, "fields": {"name": "Can view permission", "content_type": 2, "codename": "view_permission"}}, {"model": "auth.permission", "pk": 9, "fields": {"name": "Can add group", "content_type": 3, "codename": "add_group"}}, {"model": "auth.permission", "pk": 10, "fields": {"name": "Can change group", "content_type": 3, "codename": "change_group"}}, {"model": "auth.permission", "pk": 11, "fields": {"name": "Can delete group", "content_type": 3, "codename": "delete_group"}}, {"model": "auth.permission", "pk": 12, "fields": {"name": "Can view group", "content_type": 3, "codename": "view_group"}}, {"model": "auth.permission", "pk": 13, "fields": {"name": "Can add user", "content_type": 4, "codename": "add_user"}}, {"model": "auth.permission", "pk": 14, "fields": {"name": "Can change user", "content_type": 4, "codename": "change_user"}}, {"model": "auth.permission", "pk": 15, "fields": {"name": "Can delete user", "content_type": 4, "codename": "delete_user"}}, {"model": "auth.permission", "pk": 16, "fields": {"name": "Can view user", "content_type": 4, "codename": "view_user"}}, {"model": "auth.permission", "pk": 17, "fields": {"name": "Can add content type", "content_type": 5, "codename": "add_contenttype"}}, {"model": "auth.permission", "pk": 18, "fields": {"name": "Can change content type", "content_type": 5, "codename": "change_contenttype"}}, {"model": "auth.permission", "pk": 19, "fields": {"name": "Can delete content type", "content_type": 5, "codename": "delete_contenttype"}}, {"model": "auth.permission", "pk": 20, "fields": {"name": "Can view content type", "content_type": 5, "codename": "view_contenttype"}}, {"model": "auth.permission", "pk": 21, "fields": {"name": "Can add session", "content_type": 6, "codename": "add_session"}}, {"model": "auth.permission", "pk": 22, "fields": {"name": "Can change session", "content_type": 6, "codename": "change_session"}}, {"model": "auth.permission", "pk": 23, "fields": {"name": "Can delete session", "content_type": 6, "codename": "delete_session"}}, {"model": "auth.permission", "pk": 24, "fields": {"name": "Can view session", "content_type": 6, "codename": "view_session"}}, {"model": "auth.permission", "pk": 25, "fields": {"name": "Can add skill", "content_type": 7, "codename": "add_skill"}}, {"model": "auth.permission", "pk": 26, "fields": {"name": "Can change skill", "content_type": 7, "codename": "change_skill"}}, {"model": "auth.permission", "pk": 27, "fields": {"name": "Can delete skill", "content_type": 7, "codename": "delete_skill"}}, {"model": "auth.permission", "pk": 28, "fields": {"name": "Can view skill", "content_type": 7, "codename": "view_skill"}}, {"model": "auth.permission", "pk": 29, "fields": {"name": "Can add profile", "content_type": 8, "codename": "add_profile"}}, {"model": "auth.permission", "pk": 30, "fields": {"name": "Can change profile", "content_type": 8, "codename": "change_profile"}}, {"model": "auth.permission", "pk": 31, "fields": {"name": "Can delete profile", "content_type": 8, "codename": "delete_profile"}}, {"model": "auth.permission", "pk": 32, "fields": {"name": "Can view profile", "content_type": 8, "codename": "view_profile"}}, {"model": "auth.permission", "pk": 33, "fields": {"name": "Can add vote", "content_type": 9, "codename": "add_vote"}}, {"model": "auth.permission", "pk": 34, "fields": {"name": "Can change vote", "content_type": 9, "codename": "change_vote"}}, {"model": "auth.permission", "pk": 35, "fields": {"name": "Can delete vote", "content_type": 9, "codename": "delete_vote"}}, {"model": "auth.permission", "pk": 36, "fields": {"name": "Can view vote", "content_type": 9, "codename": "view_vote"}}, {"model": "auth.permission", "pk": 37, "fields": {"name": "Can add project", "content_type": 10, "codename": "add_project"}}, {"model": "auth.permission", "pk": 38, "fields": {"name": "Can change project", "content_type": 10, "codename": "change_project"}}, {"model": "auth.permission", "pk": 39, "fields": {"name": "Can delete project", "content_type": 10, "codename": "delete_project"}}, {"model": "auth.permission", "pk": 40, "fields": {"name": "Can view project", "content_type": 10, "codename": "view_project"}}, {"model": "auth.permission", "pk": 41, "fields": {"name": "Can add review", "content_type": 11, "codename": "add_review"}}, {"model": "auth.permission", "pk": 42, "fields": {"name": "Can change review", "content_type": 11, "codename": "change_review"}}, {"model": "auth.permission", "pk": 43, "fields": {"name": "Can delete review", "content_type": 11, "codename": "delete_review"}}, {"model": "auth.permission", "pk": 44, "fields": {"name": "Can view review", "content_type": 11, "codename": "view_review"}}, {"model": "auth.permission", "pk": 45, "fields": {"name": "Can add Token", "content_type": 12, "codename": "add_token"}}, {"model": "auth.permission", "pk": 46, "fields": {"name": "Can change Token", "content_type": 12, "codename": "change_token"}}, {"model": "auth.permission", "pk": 47, "fields": {"name": "Can delete Token", "content_type": 12, "codename": "delete_token"}}, {"model": "auth.permission", "pk": 48, "fields": {"name": "Can view Token", "content_type": 12, "codename": "view_token"}}, {"model": "auth.permission", "pk": 49, "fields": {"name": "Can add token", "content_type": 13, "codename": "add_tokenproxy"}}, {"model": "auth.permission", "pk": 50, "fields": {"name": "Can change token", "content_type": 13, "codename": "change_tokenproxy"}}, {"model": "auth.permission", "pk": 51, "fields": {"name": "Can delete token", "content_type": 13, "codename": "delete_tokenproxy"}}, {"model": "auth.permission", "pk": 52, "fields": {"name": "Can view token", "content_type": 13, "codename": "view_tokenproxy"}}, {"model": "auth.user", "pk": 1, "fields": {"password": "pbkdf2_sha256$600000$JcrU3lDcotmYe62SoTFZoU$qUIebIty9PC4uxVQ5D8vJSbheBdWRFnMq6VJPxrGBCQ=", "last_login": "2023-08-03T10:26:20.216Z", "is_superuser": true, "username": "uzair.imtiaz", "first_name": "Uzair", "last_name": "Imtiaz", "email": "uzair.imtiaz@dev.com", "is_staff": true, "is_active": true, "date_joined": "2023-07-05T07:13:46Z", "groups": [], "user_permissions": []}}, {"model": "auth.user", "pk": 9, "fields": {"password": "pbkdf2_sha256$600000$5qZvSdZ2A73bUrEtN0sk2P$N1hIpo32uf3J0TuyRf/bBPfXdjm4/sp42EXj1r7Ugko=", "last_login": "2023-07-27T17:53:48.190Z", "is_superuser": false, "username": "cr7", "first_name": "Christiano", "last_name": "Ronaldo", "email": "cr7@goat.com", "is_staff": false, "is_active": true, "date_joined": "2023-07-14T13:24:24.576Z", "groups": [], "user_permissions": []}}, {"model": "auth.user", "pk": 10, "fields": {"password": "pbkdf2_sha256$600000$NFM70wIENSaIihQyODvkr5$OpUfDUYOSeVlwky0PGtmVIY1OJavNw4dlV/aRtP+N/M=", "last_login": "2023-07-26T13:41:49.414Z", "is_superuser": false, "username": "leomessi", "first_name": "Leonel", "last_name": "Messi", "email": "messi@rig.com", "is_staff": false, "is_active": true, "date_joined": "2023-07-14T13:54:33.976Z", "groups": [], "user_permissions": []}}, {"model": "auth.user", "pk": 12, "fields": {"password": "pbkdf2_sha256$600000$eaO7QI18sntF8xOjjSpfSa$vitZT7BuMEeXo+IBoxWMmLSY7wemDbIwepKsjRhI+6w=", "last_login": "2023-08-03T08:30:25.558Z", "is_superuser": false, "username": "adakbar", "first_name": "Ali", "last_name": "Akbar", "email": "aliakbar@gmail.com", "is_staff": false, "is_active": true, "date_joined": "2023-07-23T18:50:37.760Z", "groups": [], "user_permissions": []}}, {"model": "auth.user", "pk": 14, "fields": {"password": "pbkdf2_sha256$600000$GpS4zPOghwyQlI0sjl9dzU$VQ16aeRQtw1MIlU+g+4IAVAP7MRvrFYM7e1lIa3AuQk=", "last_login": "2023-08-03T08:31:32.134Z", "is_superuser": false, "username": "shahryar", "first_name": "Shahryar", "last_name": "Bin Talib", "email": "shahryar@gmail.com", "is_staff": false, "is_active": true, "date_joined": "2023-07-24T16:59:13.599Z", "groups": [], "user_permissions": []}}, {"model": "auth.user", "pk": 20, "fields": {"password": "pbkdf2_sha256$600000$OHOgbt7zIO4oeBKEjXztd0$WEdlq3PdcoHCaKB1/KIczP0FKOLkTQ152SfdXMIH9mw=", "last_login": "2023-08-03T10:12:16.962Z", "is_superuser": false, "username": "wisha", "first_name": "Wisha", "last_name": "Eman", "email": "wisha@gmail.com", "is_staff": false, "is_active": true, "date_joined": "2023-08-02T19:06:41.838Z", "groups": [], "user_permissions": []}}, {"model": "auth.user", "pk": 21, "fields": {"password": "pbkdf2_sha256$600000$ybtcLO7D0augDroJvn8753$zdnf0CZCPeut1ChyBTzXIJIpbSngK36Te3/ntWkaQfQ=", "last_login": "2023-08-02T19:14:11.275Z", "is_superuser": false, "username": "noor", "first_name": "Noor", "last_name": "Akram", "email": "noor@gmail.com", "is_staff": false, "is_active": true, "date_joined": "2023-08-02T19:14:10.925Z", "groups": [], "user_permissions": []}}, {"model": "auth.user", "pk": 23, "fields": {"password": "password", "last_login": null, "is_superuser": false, "username": "bilal", "first_name": "Bilal", "last_name": "amjad", "email": "bilal@gmail.com", "is_staff": false, "is_active": true, "date_joined": "2023-08-03T10:22:14.953Z", "groups": [], "user_permissions": []}}, {"model": "contenttypes.contenttype", "pk": 1, "fields": {"app_label": "admin", "model": "logentry"}}, {"model": "contenttypes.contenttype", "pk": 2, "fields": {"app_label": "auth", "model": "permission"}}, {"model": "contenttypes.contenttype", "pk": 3, "fields": {"app_label": "auth", "model": "group"}}, {"model": "contenttypes.contenttype", "pk": 4, "fields": {"app_label": "auth", "model": "user"}}, {"model": "contenttypes.contenttype", "pk": 5, "fields": {"app_label": "contenttypes", "model": "contenttype"}}, {"model": "contenttypes.contenttype", "pk": 6, "fields": {"app_label": "sessions", "model": "session"}}, {"model": "contenttypes.contenttype", "pk": 7, "fields": {"app_label": "authentication", "model": "skill"}}, {"model": "contenttypes.contenttype", "pk": 8, "fields": {"app_label": "authentication", "model": "profile"}}, {"model": "contenttypes.contenttype", "pk": 9, "fields": {"app_label": "core", "model": "vote"}}, {"model": "contenttypes.contenttype", "pk": 10, "fields": {"app_label": "core", "model": "project"}}, {"model": "contenttypes.contenttype", "pk": 11, "fields": {"app_label": "core", "model": "review"}}, {"model": "contenttypes.contenttype", "pk": 12, "fields": {"app_label": "authtoken", "model": "token"}}, {"model": "contenttypes.contenttype", "pk": 13, "fields": {"app_label": "authtoken", "model": "tokenproxy"}}, {"model": "sessions.session", "pk": "0v63qbzfqhzq1mxrf7rfn9vkae68xr1r", "fields": {"session_data": ".eJxVjEEOgjAQRe_StWlmoFOqS_ecoenMFIsaSCisjHdXEha6_e-9_zIxbWuJW81LHNVcDJrT78ZJHnnagd7TdJutzNO6jGx3xR602n7W_Lwe7t9BSbV8axooNJIYPeiZSVwAgQF9Jk0tgkMIvmsQO5C2AQ08ACCTo0Bddq2Y9wfIKDa_:1qRUzM:MYlEjVh2psJ0kgjTGln5iLOgxrDeAyofsGqpHv0toM0", "expire_date": "2023-08-17T09:51:24.026Z"}}, {"model": "sessions.session", "pk": "1q97k4anwtbi1lstisfih71xpr7opvvf", "fields": {"session_data": "e30:1qRTSV:O04G1Qbu4vkI-heWFUfKMopLCsDFv2M65y37Q1S-ugI", "expire_date": "2023-08-17T08:13:23.238Z"}}, {"model": "sessions.session", "pk": "936a5lvjcmrttd86yf47w6aijfyg2hhs", "fields": {"session_data": ".eJxVjEEOgjAQRe_StWlmoFOqS_ecoenMFIsaSCisjHdXEha6_e-9_zIxbWuJW81LHNVcDJrT78ZJHnnagd7TdJutzNO6jGx3xR602n7W_Lwe7t9BSbV8axooNJIYPeiZSVwAgQF9Jk0tgkMIvmsQO5C2AQ08ACCTo0Bddq2Y9wfIKDa_:1qRVXA:3hLIsDgQT7M4LGslrQH5Ma-7ekJ8B2HvFH9dwo1azqw", "expire_date": "2023-08-17T10:26:20.220Z"}}, {"model": "sessions.session", "pk": "vylkl1jn9a4fsw3b8e5ogavl09pile8t", "fields": {"session_data": "e30:1qNyqX:uPWb8d6fyvLJD4OZTuAeJ9NuvB9UXyFcmmldCKd9OPU", "expire_date": "2023-08-07T16:55:45.895Z"}}, {"model": "authentication.profile", "pk": 1, "fields": {"created": "2023-07-22T07:57:27.873Z", "modified": "2023-08-03T12:16:05.444Z", "user": 1, "short_intro": "Full Stack developer", "bio": "Lorem Ipsum is simply dummy text of the printing and typesetting industry. Lorem Ipsum has been the industry's standard dummy text ever since the 1500s, when an unknown printer took a galley of type and scrambled it to make a type specimen book. It has survived not only five centuries, but also the leap into electronic typesetting, remaining essentially unchanged. It was popularised in the 1960s with the release of Letraset sheets containing Lorem Ipsum passages, and more recently with desktop publishing software like Aldus PageMaker including versions of Lorem Ipsum.", "profile_picture": "profiles/zfla4g7x5q661.png", "github": "Uzair-Imtiaz", "linkedin": "uzair-imtiaz-665163247/", "youtube": "/", "gender": "Male", "date_of_birth": "2002-01-27", "skills": [3, 2, 4, 5, 6, 10]}}, {"model": "authentication.profile", "pk": 2, "fields": {"created": "2023-07-22T07:57:27.873Z", "modified": "2023-08-03T12:17:49.208Z", "user": 9, "short_intro": "Full Stack Poacher", "bio": "It is a long established fact that a reader will be distracted by the readable content of a page when looking at its layout. The point of using Lorem Ipsum is that it has a more-or-less normal distribution of letters, as opposed to using 'Content here, content here', making it look like readable English. Many desktop publishing packages and web page editors now use Lorem Ipsum as their default model text, and a search for 'lorem ipsum' will uncover many web sites still in their infancy. Various versions have evolved over the years, sometimes by accident, sometimes on purpose (injected humour and the like).", "profile_picture": "profiles/79c92bd35a85488faee5b50bb73475ef.webp", "github": null, "linkedin": null, "youtube": null, "gender": "Male", "date_of_birth": "2023-06-19", "skills": [6, 5, 8]}}, {"model": "authentication.profile", "pk": 3, "fields": {"created": "2023-07-22T07:57:27.873Z", "modified": "2023-08-03T12:15:07.792Z", "user": 10, "short_intro": "Media's Favourite", "bio": "Contrary to popular belief, Lorem Ipsum is not simply random text. It has roots in a piece of classical Latin literature from 45 BC, making it over 2000 years old. Richard McClintock, a Latin professor at Hampden-Sydney College in Virginia, looked up one of the more obscure Latin words, consectetur, from a Lorem Ipsum passage, and going through the cites of the word in classical literature, discovered the undoubtable source. Lorem Ipsum comes from sections 1.10.32 and 1.10.33 of \"de Finibus Bonorum et Malorum\" (The Extremes of Good and Evil) by Cicero, written in 45 BC. This book is a treatise on the theory of ethics, very popular during the Renaissance. The first line of Lorem Ipsum, \"Lorem ipsum dolor sit amet..\", comes from a line in section 1.10.32.\r\n\r\nThe standard chunk of Lorem Ipsum used since the 1500s is reproduced below for those interested. Sections 1.10.32 and 1.10.33 from \"de Finibus Bonorum et Malorum\" by Cicero are also reproduced in their exact original form, accompanied by En", "profile_picture": "profiles/messi-RUMZsoda7mKMrIIZkGDnjeP-1200x840abc.jpg", "github": "/", "linkedin": "/", "youtube": "/", "gender": "Male", "date_of_birth": "1995-10-20", "skills": []}}, {"model": "authentication.profile", "pk": 5, "fields": {"created": "2023-07-23T18:51:53.416Z", "modified": "2023-07-27T19:36:58.349Z", "user": 12, "short_intro": "OG Developer", "bio": "Lorem ipsum dolor sit amet, consectetur adipiscing elit. Nullam ac nisi ut est tincidunt hendrerit. Duis elementum metus ac mi tincidunt, eu pulvinar elit cursus. Fusce sollicitudin elit vel ex malesuada, id lobortis nunc dictum. Sed sed cursus ex. In ut ligula eget sapien tristique fringilla vel vel nunc. Ut eu fermentum mauris. Quisque vel consectetur velit. Nulla facilisi. Aenean id justo justo. Quisque in feugiat odio.", "profile_picture": "profiles/WhatsApp_Image_2023-07-23_at_11.43.43_PM.jpeg", "github": "https://github.com/Ali-D-Akbar", "linkedin": "https://LinkedIn.com", "youtube": "https://youtube.com", "gender": "Male", "date_of_birth": "1996-06-04", "skills": [3, 4, 6, 7, 8, 9, 10, 11, 13]}}, {"model": "authentication.profile", "pk": 6, "fields": {"created": "2023-07-24T17:00:21.792Z", "modified": "2023-07-27T11:52:27.196Z", "user": 14, "short_intro": "Freelancer", "bio": "Lorem Ipsum is simply dummy text of the printing and typesetting industry. Lorem Ipsum has been the industry's standard dummy text ever since the 1500s, when an unknown printer took a galley of type and scrambled it to make a type specimen book. It has survived not only five centuries, but also the leap into electronic typesetting, remaining essentially unchanged. It was popularised in the 1960s with the release of Letraset sheets containing Lorem Ipsum passages, and more recently with desktop publishing software like Aldus PageMaker including versions of Lorem Ipsum.", "profile_picture": "profiles/user-default_NmenpC4.png", "github": "https://github.com", "linkedin": "https://LinkedIn.com", "youtube": "https://youtube.com", "gender": "Male", "date_of_birth": "2002-08-14", "skills": [2, 4, 6, 8, 9, 10, 11]}}, {"model": "authentication.profile", "pk": 7, "fields": {"created": "2023-08-02T19:19:38.372Z", "modified": "2023-08-02T19:19:38.372Z", "user": 21, "short_intro": "Graphic Designer", "bio": "Because we're using viewsets instead of views, we can automatically generate the URL conf for our API, by simply registering the viewsets with a router class.\r\n\r\nAgain, if we need more control over the API URLs we can simply drop down to using regular class-based views, and writing the URL conf explicitly.\r\n\r\nFinally, we're including default login and logout views for use with the browsable API. That's optional, but useful if your API requires authentication and you want to use the browsable API.", "profile_picture": "profiles/user-default.png", "github": "https://github.com", "linkedin": "https://LinkedIn.com", "youtube": "https://youtube.com", "gender": "Female", "date_of_birth": "2005-01-08", "skills": [2, 7, 11, 14, 15]}}, {"model": "authentication.skill", "pk": 2, "fields": {"created": "2023-07-25T09:16:21.384Z", "modified": "2023-07-25T09:16:21.384Z", "name": "Python", "description": "Python is a high-level, versatile, and easy-to-read programming language known for its simplicity and readability. It supports object-oriented programming and has a vast standard library and thriving community, making it suitable for web development, data analysis, AI, and more."}}, {"model": "authentication.skill", "pk": 3, "fields": {"created": "2023-07-25T09:17:56.855Z", "modified": "2023-07-25T09:17:56.855Z", "name": ".NET", "description": ".NET is a free, open-source, cross-platform framework developed by Microsoft for building modern, scalable, and high-performance applications. It supports multiple programming languages such as C#, F#, and Visual Basic, allowing developers to choose the language that best suits their needs."}}, {"model": "authentication.skill", "pk": 4, "fields": {"created": "2023-07-25T09:18:43.318Z", "modified": "2023-07-25T09:18:43.318Z", "name": "Django", "description": "Django is a Python web framework that follows the MVT pattern, simplifying web development. It offers an ORM, admin interface, and built-in security features for efficient and secure application building."}}, {"model": "authentication.skill", "pk": 5, "fields": {"created": "2023-07-25T09:19:28.284Z", "modified": "2023-07-25T09:19:28.284Z", "name": "Kotlin", "description": "Kotlin is a modern, concise, and interoperable programming language developed by JetBrains. It is designed for Android development and JVM-based projects, offering features like null safety and coroutines for asynchronous programming. Kotlin's popularity has risen rapidly due to its ease of use and seamless integration with Java."}}, {"model": "authentication.skill", "pk": 6, "fields": {"created": "2023-07-25T09:19:53.300Z", "modified": "2023-07-27T10:38:11.066Z", "name": "JS", "description": "JavaScript is a versatile, high-level, interpreted programming language widely used for web development. As a core technology of the web, it enables dynamic and interactive content, handling client-side behaviors and interactions. JavaScript can also be used on servers (Node.js) and for mobile app development. It supports object-oriented and functional programming paradigms, making it a powerful tool for creating a wide range of applications and enhancing user experiences on the web."}}, {"model": "authentication.skill", "pk": 7, "fields": {"created": "2023-07-27T10:33:26.202Z", "modified": "2023-07-27T10:33:26.202Z", "name": "React", "description": ""}}, {"model": "authentication.skill", "pk": 8, "fields": {"created": "2023-07-27T10:33:50.861Z", "modified": "2023-07-27T10:33:50.861Z", "name": "Node", "description": ""}}, {"model": "authentication.skill", "pk": 9, "fields": {"created": "2023-07-27T10:34:01.711Z", "modified": "2023-07-27T10:34:01.711Z", "name": "Html", "description": ""}}, {"model": "authentication.skill", "pk": 10, "fields": {"created": "2023-07-27T10:34:06.012Z", "modified": "2023-07-27T10:34:06.012Z", "name": "CSS", "description": ""}}, {"model": "authentication.skill", "pk": 11, "fields": {"created": "2023-07-27T10:34:21.709Z", "modified": "2023-07-27T10:34:21.709Z", "name": "Flask", "description": ""}}, {"model": "authentication.skill", "pk": 12, "fields": {"created": "2023-07-27T10:34:37.899Z", "modified": "2023-07-27T10:34:37.899Z", "name": "Express", "description": ""}}, {"model": "authentication.skill", "pk": 13, "fields": {"created": "2023-07-27T12:29:58.985Z", "modified": "2023-07-27T12:29:58.985Z", "name": "MongoDB", "description": ""}}, {"model": "authentication.skill", "pk": 14, "fields": {"created": "2023-07-27T12:30:30.631Z", "modified": "2023-07-27T12:30:30.631Z", "name": "PostGreSql", "description": ""}}, {"model": "authentication.skill", "pk": 15, "fields": {"created": "2023-08-02T11:50:04.146Z", "modified": "2023-08-02T11:50:04.146Z", "name": "cpp", "description": "desc"}}, {"model": "authentication.skill", "pk": 16, "fields": {"created": "2023-08-03T08:15:39.846Z", "modified": "2023-08-03T11:14:42.237Z", "name": "Express", "description": null}}, {"model": "authentication.skill", "pk": 17, "fields": {"created": "2023-08-03T08:16:16.471Z", "modified": "2023-08-03T08:16:16.471Z", "name": "Java", "description": "Javafy"}}, {"model": "authentication.skill", "pk": 18, "fields": {"created": "2023-08-03T09:18:30.554Z", "modified": "2023-08-03T09:18:30.554Z", "name": "Java", "description": "Javafy"}}, {"model": "authentication.skill", "pk": 19, "fields": {"created": "2023-08-03T09:19:18.361Z", "modified": "2023-08-03T09:19:18.361Z", "name": "Java", "description": "Javafy"}}, {"model": "authentication.skill", "pk": 20, "fields": {"created": "2023-08-03T09:20:31.940Z", "modified": "2023-08-03T09:20:31.940Z", "name": "Java", "description": "Javafy"}}, {"model": "authentication.skill", "pk": 21, "fields": {"created": "2023-08-03T09:27:14.821Z", "modified": "2023-08-03T09:27:14.821Z", "name": "Java", "description": "Javafy"}}, {"model": "authentication.skill", "pk": 22, "fields": {"created": "2023-08-03T09:27:30.324Z", "modified": "2023-08-03T09:27:30.324Z", "name": "Java", "description": "Javafy"}}, {"model": "core.project", "pk": 2, "fields": {"created": "2023-07-26T11:48:28.564Z", "modified": "2023-08-02T20:03:56.235Z", "user": 1, "title": "Edx", "description": "Lorem Ipsum is simply dummy text of the printing and typesetting industry. Lorem Ipsum has been the industry's standard dummy text ever since the 1500s, when an unknown printer took a galley of type and scrambled it to make a type specimen book. It has survived not only five centuries, but also the leap into electronic typesetting, remaining essentially unchanged. It was popularised in the 1960s with the release of Letraset sheets containing Lorem Ipsum passages, and more recently with desktop publishing software like Aldus PageMaker including versions of Lorem Ipsum.", "featured_image": "projects/PXL_20230619_132357015.jpg", "youtube_link": "https://youtube.com", "demo_link": "https://demo.com", "source_code_link": "https://src.com", "skills": [2, 3, 4]}}, {"model": "core.project", "pk": 3, "fields": {"created": "2023-07-26T11:48:28.564Z", "modified": "2023-08-02T20:02:20.381Z", "user": 1, "title": "Code Book", "description": "Currently our API doesn't have any restrictions on who can edit or delete code snippets. We'd like to have some more advanced behavior in order to make sure that:\r\n\r\nCode snippets are always associated with a creator.\r\nOnly authenticated users may create snippets.\r\nOnly the creator of a snippet may update or delete it.\r\nUnauthenticated requests should have full read-only access.", "featured_image": "projects/Screenshot_2023-08-01_at_1.54.34_PM.png", "youtube_link": "https://youtube.com", "demo_link": "https://demo.com", "source_code_link": "https://src.com", "skills": [4, 7, 11, 9, 10, 14]}}, {"model": "core.project", "pk": 4, "fields": {"created": "2023-07-26T11:48:28.564Z", "modified": "2023-07-27T10:34:51.682Z", "user": 1, "title": "Los Blancos", "description": "Lorem Ipsum is simply dummy text of the printing and typesetting industry. Lorem Ipsum has been the industry's standard dummy text ever since the 1500s, when an unknown printer took a galley of type and scrambled it to make a type specimen book. It has survived not only five centuries, but also the leap into electronic typesetting, remaining essentially unchanged. It was popularised in the 1960s with the release of Letraset sheets containing Lorem Ipsum passages, and more recently with desktop publishing software like Aldus PageMaker including versions of Lorem Ipsum.", "featured_image": "projects/default_U0ZqES2.jpg", "youtube_link": "https://youtube.com", "demo_link": "https://demo.com", "source_code_link": "https://src.com", "skills": [3, 6, 9, 10]}}, {"model": "core.project", "pk": 5, "fields": {"created": "2023-07-27T11:12:11.335Z", "modified": "2023-07-27T11:12:11.335Z", "user": 12, "title": "HarborView", "description": "Contrary to popular belief, Lorem Ipsum is not simply random text. It has roots in a piece of classical Latin literature from 45 BC, making it over 2000 years old. Richard McClintock, a Latin professor at Hampden-Sydney College in Virginia, looked up one of the more obscure Latin words, consectetur, from a Lorem Ipsum passage, and going through the cites of the word in classical literature, discovered the undoubtable source. Lorem Ipsum comes from sections 1.10.32 and 1.10.33 of \"de Finibus Bonorum et Malorum\" (The Extremes of Good and Evil) by Cicero, written in 45 BC. This book is a treatise on the theory of ethics, very popular during the Renaissance. The first line of Lorem Ipsum, \"Lorem ipsum dolor sit amet..\", comes from a line in section 1.10.32.", "featured_image": "projects/default.jpg", "youtube_link": "https://youtube.com", "demo_link": "https://demo.com", "source_code_link": "https://src.com", "skills": [6, 7, 8, 9, 10]}}, {"model": "core.project", "pk": 6, "fields": {"created": "2023-07-27T11:54:09.184Z", "modified": "2023-07-27T11:54:09.184Z", "user": 14, "title": "CodeIn'", "description": "It is a long established fact that a reader will be distracted by the readable content of a page when looking at its layout. The point of using Lorem Ipsum is that it has a more-or-less normal distribution of letters, as opposed to using 'Content here, content here', making it look like readable English. Many desktop publishing packages and web page editors now use Lorem Ipsum as their default model text, and a search for 'lorem ipsum' will uncover many web sites still in their infancy. Various versions have evolved over the years, sometimes by accident, sometimes on purpose (injected humour and the like).", "featured_image": "projects/default.jpg", "youtube_link": "https://youtube.com", "demo_link": "https://demo.com", "source_code_link": "https://src.com", "skills": []}}, {"model": "core.project", "pk": 11, "fields": {"created": "2023-08-02T19:20:56.422Z", "modified": "2023-08-02T19:20:56.422Z", "user": 21, "title": "Medium", "description": "The only way for the server to know who the user is when The front end of the website will send a “Token” with every request to the backend.\r\nThis “Token” is used by the backend to authenticate a user and authorize them to access different features.\r\nWith every “feature” a user clicks on, they will be sendin", "featured_image": "projects/default.jpg", "youtube_link": "https://youtube.com", "demo_link": "https://demo.com", "source_code_link": "https://src.com", "skills": [3, 7, 9, 10]}}, {"model": "core.review", "pk": 10, "fields": {"created": "2023-07-27T19:22:11.701Z", "modified": "2023-07-27T19:22:11.706Z", "user": 1, "project": 6, "vote": "Up", "body": "Brilliant"}}, {"model": "core.review", "pk": 11, "fields": {"created": "2023-07-27T19:28:03.963Z", "modified": "2023-07-27T19:28:03.973Z", "user": 12, "project": 6, "vote": "Down", "body": "Put some more work."}}]